-- Mock SPU/SKU expansion data for mall database.
-- Generated for local RAG document preparation.
-- Target database: mall

START TRANSACTION;

DELETE FROM product_coupon WHERE sku_id BETWEEN 4001 AND 4080;
DELETE FROM review_summary WHERE sku_id BETWEEN 4001 AND 4080;
DELETE FROM sku_stock WHERE sku_id BETWEEN 4001 AND 4080;
DELETE FROM sku WHERE id BETWEEN 4001 AND 4080;
DELETE FROM spu WHERE id BETWEEN 200 AND 239;

INSERT INTO spu (id, name, category_id, brand_id) VALUES
  (200, '入耳式蓝牙耳机', 10, 1),
  (201, '智能手环', 10, 1),
  (202, '便携充电宝', 10, 3),
  (203, '迷你投影仪', 10, 4),
  (204, '桌面显示器挂灯', 10, 3),
  (205, '速干运动T恤', 11, 2),
  (206, '折叠露营椅', 11, 2),
  (207, '碳素羽毛球拍', 11, 4),
  (208, '登山杖', 11, 4),
  (209, '运动护膝', 11, 2),
  (210, '空气炸锅', 12, 4),
  (211, '床品四件套', 12, 5),
  (212, '桌面香薰加湿器', 12, 3),
  (213, '透明收纳箱', 12, 5),
  (214, '厨房调料置物架', 12, 5),
  (215, '即食燕麦片', 13, 6),
  (216, '低糖气泡水', 13, 6),
  (217, '手冲咖啡豆', 13, 6),
  (218, '冻干水果脆', 13, 6),
  (219, '无糖黑芝麻丸', 13, 6),
  (220, '清爽防晒乳', 14, 3),
  (221, '电动牙刷', 14, 1),
  (222, '身体乳', 14, 3),
  (223, '卸妆膏', 14, 3),
  (224, '男士控油洗面奶', 14, 3),
  (225, '儿童磁力片', 15, 5),
  (226, '儿童绘本套装', 15, 5),
  (227, '婴儿湿巾', 15, 5),
  (228, '儿童滑板车', 15, 2),
  (229, '早教点读笔', 15, 1),
  (230, '猫砂', 16, 6),
  (231, '宠物饮水机', 16, 1),
  (232, '狗狗牵引绳', 16, 2),
  (233, '猫抓板', 16, 5),
  (234, '宠物除毛刷', 16, 3),
  (235, '中性笔套装', 17, 5),
  (236, '桌面文件收纳架', 17, 5),
  (237, '错题本', 17, 5),
  (238, '马克笔套装', 17, 5),
  (239, '阅读书架', 17, 5);

INSERT INTO sku (id, spu_id, name, price) VALUES
  (4001, 200, '入耳式蓝牙耳机 标准版 白色', 199.00),
  (4002, 200, '入耳式蓝牙耳机 降噪版 黑色', 299.00),
  (4003, 201, '智能手环 标准版 黑色', 169.00),
  (4004, 201, '智能手环 NFC版 粉色', 229.00),
  (4005, 202, '便携充电宝 10000mAh 白色', 129.00),
  (4006, 202, '便携充电宝 20000mAh 黑色', 189.00),
  (4007, 203, '迷你投影仪 基础版', 899.00),
  (4008, 203, '迷你投影仪 高清版', 1299.00),
  (4009, 204, '桌面显示器挂灯 标准版', 159.00),
  (4010, 204, '桌面显示器挂灯 无线调光版', 229.00),
  (4011, 205, '速干运动T恤 男款 黑色 L', 79.00),
  (4012, 205, '速干运动T恤 女款 雾蓝 M', 79.00),
  (4013, 206, '折叠露营椅 轻量款 卡其色', 139.00),
  (4014, 206, '折叠露营椅 高背款 墨绿色', 199.00),
  (4015, 207, '碳素羽毛球拍 入门款', 169.00),
  (4016, 207, '碳素羽毛球拍 进阶款', 299.00),
  (4017, 208, '登山杖 单支 铝合金', 89.00),
  (4018, 208, '登山杖 双支 碳纤维', 219.00),
  (4019, 209, '运动护膝 基础款 M码', 59.00),
  (4020, 209, '运动护膝 支撑款 L码', 89.00),
  (4021, 210, '空气炸锅 4L 旋钮款', 299.00),
  (4022, 210, '空气炸锅 6L 触控款', 399.00),
  (4023, 211, '床品四件套 纯棉 灰色 1.5m', 239.00),
  (4024, 211, '床品四件套 纯棉 蓝色 1.8m', 269.00),
  (4025, 212, '桌面香薰加湿器 300ml 白色', 99.00),
  (4026, 212, '桌面香薰加湿器 500ml 木纹', 139.00),
  (4027, 213, '透明收纳箱 35L 单只装', 49.00),
  (4028, 213, '透明收纳箱 55L 两只装', 119.00),
  (4029, 214, '厨房调料置物架 单层 黑色', 69.00),
  (4030, 214, '厨房调料置物架 双层 银色', 109.00),
  (4031, 215, '即食燕麦片 原味 1kg', 39.00),
  (4032, 215, '即食燕麦片 水果坚果味 1kg', 49.00),
  (4033, 216, '低糖气泡水 白桃味 12罐', 59.00),
  (4034, 216, '低糖气泡水 青柠味 24罐', 99.00),
  (4035, 217, '手冲咖啡豆 中度烘焙 250g', 69.00),
  (4036, 217, '手冲咖啡豆 深度烘焙 500g', 119.00),
  (4037, 218, '冻干水果脆 草莓味 80g', 29.00),
  (4038, 218, '冻干水果脆 混合装 200g', 69.00),
  (4039, 219, '无糖黑芝麻丸 12丸装', 49.00),
  (4040, 219, '无糖黑芝麻丸 30丸装', 99.00),
  (4041, 220, '清爽防晒乳 SPF50 50ml', 89.00),
  (4042, 220, '清爽防晒乳 SPF50 100ml', 139.00),
  (4043, 221, '电动牙刷 声波基础款', 129.00),
  (4044, 221, '电动牙刷 智能清洁款', 229.00),
  (4045, 222, '身体乳 清爽保湿 250ml', 59.00),
  (4046, 222, '身体乳 滋润修护 500ml', 99.00),
  (4047, 223, '卸妆膏 温和型 90g', 79.00),
  (4048, 223, '卸妆膏 清爽型 120g', 109.00),
  (4049, 224, '男士控油洗面奶 120g', 49.00),
  (4050, 224, '男士控油洗面奶 套装 2支', 89.00),
  (4051, 225, '儿童磁力片 68片', 129.00),
  (4052, 225, '儿童磁力片 128片', 229.00),
  (4053, 226, '儿童绘本套装 10册', 79.00),
  (4054, 226, '儿童绘本套装 30册', 199.00),
  (4055, 227, '婴儿湿巾 80抽 5包', 49.00),
  (4056, 227, '婴儿湿巾 80抽 12包', 99.00),
  (4057, 228, '儿童滑板车 三轮款 蓝色', 199.00),
  (4058, 228, '儿童滑板车 可折叠款 粉色', 259.00),
  (4059, 229, '早教点读笔 基础套装', 299.00),
  (4060, 229, '早教点读笔 绘本套装', 399.00),
  (4061, 230, '猫砂 豆腐砂 6L', 39.00),
  (4062, 230, '猫砂 混合砂 12L', 79.00),
  (4063, 231, '宠物饮水机 2L 静音款', 129.00),
  (4064, 231, '宠物饮水机 3L 过滤款', 189.00),
  (4065, 232, '狗狗牵引绳 S码 蓝色', 49.00),
  (4066, 232, '狗狗牵引绳 M码 黑色', 59.00),
  (4067, 233, '猫抓板 波浪款', 39.00),
  (4068, 233, '猫抓板 大号立式款', 99.00),
  (4069, 234, '宠物除毛刷 基础款', 39.00),
  (4070, 234, '宠物除毛刷 自清洁款', 69.00),
  (4071, 235, '中性笔套装 黑色 12支', 19.00),
  (4072, 235, '中性笔套装 彩色 24支', 39.00),
  (4073, 236, '桌面文件收纳架 三层 白色', 49.00),
  (4074, 236, '桌面文件收纳架 金属四层 黑色', 79.00),
  (4075, 237, '错题本 A5 4本装', 29.00),
  (4076, 237, '错题本 B5 6本装', 49.00),
  (4077, 238, '马克笔套装 24色', 49.00),
  (4078, 238, '马克笔套装 60色', 119.00),
  (4079, 239, '阅读书架 桌面折叠款', 39.00),
  (4080, 239, '阅读书架 可调节加宽款', 69.00);

INSERT INTO sku_stock (sku_id, stock, locked_stock) VALUES
  (4001, 260, 0), (4002, 180, 0), (4003, 320, 0), (4004, 210, 0),
  (4005, 420, 0), (4006, 260, 0), (4007, 90, 0), (4008, 60, 0),
  (4009, 300, 0), (4010, 180, 0), (4011, 360, 0), (4012, 340, 0),
  (4013, 180, 0), (4014, 120, 0), (4015, 220, 0), (4016, 140, 0),
  (4017, 260, 0), (4018, 130, 0), (4019, 420, 0), (4020, 300, 0),
  (4021, 160, 0), (4022, 120, 0), (4023, 180, 0), (4024, 160, 0),
  (4025, 260, 0), (4026, 190, 0), (4027, 500, 0), (4028, 280, 0),
  (4029, 300, 0), (4030, 220, 0), (4031, 460, 0), (4032, 340, 0),
  (4033, 380, 0), (4034, 240, 0), (4035, 200, 0), (4036, 150, 0),
  (4037, 420, 0), (4038, 260, 0), (4039, 330, 0), (4040, 210, 0),
  (4041, 300, 0), (4042, 180, 0), (4043, 260, 0), (4044, 170, 0),
  (4045, 360, 0), (4046, 220, 0), (4047, 260, 0), (4048, 190, 0),
  (4049, 300, 0), (4050, 210, 0), (4051, 200, 0), (4052, 130, 0),
  (4053, 320, 0), (4054, 180, 0), (4055, 460, 0), (4056, 300, 0),
  (4057, 150, 0), (4058, 120, 0), (4059, 110, 0), (4060, 80, 0),
  (4061, 500, 0), (4062, 300, 0), (4063, 190, 0), (4064, 140, 0),
  (4065, 360, 0), (4066, 300, 0), (4067, 420, 0), (4068, 220, 0),
  (4069, 380, 0), (4070, 260, 0), (4071, 600, 0), (4072, 420, 0),
  (4073, 340, 0), (4074, 220, 0), (4075, 500, 0), (4076, 320, 0),
  (4077, 360, 0), (4078, 180, 0), (4079, 420, 0), (4080, 260, 0);

INSERT INTO review_summary (sku_id, average_rating, review_count, good_rate, latest_review) VALUES
  (4001, 4.62, 286, 95.10, '佩戴轻便，日常通勤听歌够用。'),
  (4002, 4.70, 198, 96.20, '降噪效果明显，黑色外观简洁。'),
  (4003, 4.55, 320, 94.60, '运动记录清晰，续航比较稳定。'),
  (4004, 4.61, 176, 95.00, 'NFC 功能实用，粉色适合日常搭配。'),
  (4005, 4.58, 402, 94.90, '体积小，给手机补电很方便。'),
  (4006, 4.64, 238, 95.70, '容量大，适合出差和短途旅行。'),
  (4007, 4.50, 88, 93.60, '小房间观影够用，移动方便。'),
  (4008, 4.66, 72, 95.80, '画面清晰度不错，晚上观影效果更好。'),
  (4009, 4.67, 260, 96.10, '挂在显示器上不占桌面，光线柔和。'),
  (4010, 4.72, 144, 96.80, '无线调光方便，适合夜间办公。'),
  (4011, 4.59, 210, 94.80, '面料透气，跑步出汗后干得快。'),
  (4012, 4.63, 188, 95.40, '雾蓝颜色耐看，运动和日常都能穿。'),
  (4013, 4.57, 132, 94.60, '折叠后体积小，露营携带轻松。'),
  (4014, 4.65, 96, 95.70, '高背支撑好，坐感比普通款舒服。'),
  (4015, 4.56, 118, 94.30, '重量适中，新手上手容易。'),
  (4016, 4.69, 84, 96.00, '挥拍轻快，适合进阶练习。'),
  (4017, 4.52, 156, 93.80, '铝合金材质结实，短途徒步够用。'),
  (4018, 4.68, 92, 95.90, '双支更稳，长距离爬坡省力。'),
  (4019, 4.54, 240, 94.10, '基础保护够用，日常运动合适。'),
  (4020, 4.66, 162, 95.60, '支撑感更强，深蹲和跑步都能用。'),
  (4021, 4.60, 214, 95.00, '容量适合小家庭，旋钮操作简单。'),
  (4022, 4.71, 146, 96.40, '触控菜单直观，烤薯条很方便。'),
  (4023, 4.58, 173, 94.90, '纯棉触感柔软，灰色比较耐脏。'),
  (4024, 4.62, 158, 95.30, '尺寸适合大床，蓝色清爽。'),
  (4025, 4.55, 204, 94.40, '桌面使用不占地方，香薰扩散轻柔。'),
  (4026, 4.64, 137, 95.50, '水箱更大，木纹外观适合卧室。'),
  (4027, 4.51, 288, 93.90, '透明箱找东西方便，适合衣柜收纳。'),
  (4028, 4.60, 190, 95.00, '两只装更划算，容量适合被褥。'),
  (4029, 4.53, 216, 94.20, '黑色耐看，厨房台面更整齐。'),
  (4030, 4.61, 146, 95.10, '双层容量更大，瓶罐摆放稳定。'),
  (4031, 4.57, 332, 94.80, '原味百搭，早餐冲泡方便。'),
  (4032, 4.63, 244, 95.60, '水果坚果味更香，口感丰富。'),
  (4033, 4.50, 298, 93.70, '白桃味清爽，甜度不高。'),
  (4034, 4.56, 198, 94.40, '青柠味适合囤货，冰镇更好喝。'),
  (4035, 4.66, 168, 95.80, '中度烘焙酸苦平衡，手冲稳定。'),
  (4036, 4.70, 112, 96.20, '深烘风味浓，适合拿铁。'),
  (4037, 4.52, 246, 94.00, '草莓味香脆，独立小包装方便。'),
  (4038, 4.59, 176, 94.90, '混合装口味多，适合办公室零食。'),
  (4039, 4.55, 188, 94.50, '甜度低，独立包装方便携带。'),
  (4040, 4.62, 138, 95.30, '大包装适合长期吃，口感细腻。'),
  (4041, 4.58, 220, 94.80, '肤感清爽，日常通勤防晒够用。'),
  (4042, 4.64, 150, 95.60, '容量更大，涂身体也不心疼。'),
  (4043, 4.57, 242, 94.70, '震感柔和，入门使用简单。'),
  (4044, 4.68, 168, 95.90, '清洁模式多，续航稳定。'),
  (4045, 4.54, 206, 94.20, '吸收快，夏天用不粘腻。'),
  (4046, 4.63, 146, 95.40, '滋润度更高，秋冬使用舒服。'),
  (4047, 4.60, 184, 95.00, '乳化快，卸日常妆很干净。'),
  (4048, 4.66, 132, 95.80, '清爽不糊脸，容量也够用。'),
  (4049, 4.52, 220, 94.00, '洗后清爽，控油感明显。'),
  (4050, 4.59, 156, 94.80, '两支装更划算，适合囤货。'),
  (4051, 4.70, 146, 96.10, '磁力稳定，孩子拼搭兴趣高。'),
  (4052, 4.76, 104, 97.00, '片数多，能搭更复杂的造型。'),
  (4053, 4.62, 188, 95.30, '故事短小，亲子阅读方便。'),
  (4054, 4.69, 122, 96.20, '册数多，适合长期阅读。'),
  (4055, 4.55, 240, 94.50, '水分足，日常清洁好用。'),
  (4056, 4.61, 184, 95.20, '大包装更适合家庭囤货。'),
  (4057, 4.60, 136, 95.00, '三轮稳定，低龄儿童容易掌握。'),
  (4058, 4.67, 96, 95.90, '可折叠方便收纳，颜色好看。'),
  (4059, 4.66, 112, 95.80, '点读反应快，基础内容够用。'),
  (4060, 4.72, 78, 96.60, '绘本套装内容更丰富，适合启蒙。'),
  (4061, 4.52, 260, 94.10, '结团快，味道控制还可以。'),
  (4062, 4.59, 190, 94.90, '混合砂除味更好，容量适合多猫家庭。'),
  (4063, 4.61, 146, 95.20, '运行声音小，猫咪接受度高。'),
  (4064, 4.68, 98, 96.00, '过滤效果好，水箱容量更安心。'),
  (4065, 4.54, 210, 94.20, '小狗使用合适，颜色清爽。'),
  (4066, 4.60, 176, 95.00, '黑色耐脏，牵引手感稳定。'),
  (4067, 4.50, 240, 93.80, '猫咪爱抓，波浪造型不占地。'),
  (4068, 4.63, 138, 95.40, '大号更耐用，适合成年猫。'),
  (4069, 4.56, 218, 94.60, '除浮毛方便，刷头不硬。'),
  (4070, 4.64, 152, 95.50, '自清洁按钮省事，养宠家庭实用。'),
  (4071, 4.53, 320, 94.20, '出墨顺滑，黑色日常办公够用。'),
  (4072, 4.58, 214, 94.80, '颜色多，适合做手账和标记。'),
  (4073, 4.55, 198, 94.50, '三层分类清楚，桌面更整洁。'),
  (4074, 4.62, 146, 95.30, '金属材质更稳，四层容量够大。'),
  (4075, 4.57, 236, 94.70, 'A5 尺寸便携，错题整理方便。'),
  (4076, 4.63, 168, 95.40, 'B5 写字空间更大，适合学生。'),
  (4077, 4.56, 190, 94.60, '常用颜色齐全，适合基础绘画。'),
  (4078, 4.68, 118, 96.00, '60 色更丰富，渐变效果好。'),
  (4079, 4.52, 206, 94.00, '折叠收纳方便，读书时解放双手。'),
  (4080, 4.61, 154, 95.10, '加宽款更稳，厚书也能放。');

INSERT INTO product_coupon (sku_id, title, threshold_amount, discount_amount, expire_at, stock, enabled) VALUES
  (4002, '蓝牙耳机满299减30', 299.00, 30.00, '2026-06-30 23:59:59', 300, 1),
  (4006, '充电宝满169减20', 169.00, 20.00, '2026-06-30 23:59:59', 500, 1),
  (4014, '露营椅满199减25', 199.00, 25.00, '2026-06-30 23:59:59', 180, 1),
  (4022, '空气炸锅满399减40', 399.00, 40.00, '2026-06-30 23:59:59', 160, 1),
  (4034, '气泡水满99减12', 99.00, 12.00, '2026-06-30 23:59:59', 400, 1),
  (4044, '电动牙刷满199减25', 199.00, 25.00, '2026-06-30 23:59:59', 220, 1),
  (4052, '磁力片满199减30', 199.00, 30.00, '2026-06-30 23:59:59', 180, 1),
  (4064, '宠物饮水机满169减20', 169.00, 20.00, '2026-06-30 23:59:59', 200, 1),
  (4078, '马克笔满99减10', 99.00, 10.00, '2026-06-30 23:59:59', 260, 1),
  (4080, '阅读书架满59减8', 59.00, 8.00, '2026-06-30 23:59:59', 300, 1);

COMMIT;
